"request-date","order-id","order-source","order-type","service-speed","order-status","last-updated-date","sku","fnsku","disposition","requested-quantity","cancelled-quantity","disposed-quantity","shipped-quantity","in-process-quantity","removal-fee","currency"
"2026-04-30T18:42:35+05:30","yRHv6uO+Cq","Amazon-initiated Automated Aged fulfillable Removal System","Return","Standard","Pending","2026-04-30T22:26:07+05:30","304113-3018-EU","X001VH0DZB","Unsellable","1","1",,"0","0",,
"2026-04-30T18:42:35+05:30","yRHv6uO+Cq","Amazon-initiated Automated Aged fulfillable Removal System","Return","Standard","Pending","2026-04-30T22:26:07+05:30","304113-42-EU","X001VHE5Z5","Unsellable","1","1",,"0","0",,
"2026-04-30T18:42:35+05:30","yRHv6uO+Cq","Amazon-initiated Automated Aged fulfillable Removal System","Return","Standard","Pending","2026-04-30T22:26:07+05:30","304113-55-EU","X001VJEKAX","Unsellable","1","1",,"0","0",,
"2026-04-30T18:42:35+05:30","yRHv6uO+Cq","Amazon-initiated Automated Aged fulfillable Removal System","Return","Standard","Pending","2026-04-30T22:26:07+05:30","304113-84-EU","X001VJENEB","Unsellable","1","1",,"0","0",,
"2026-04-30T18:42:35+05:30","yRHv6uO+Cq","Amazon-initiated Automated Aged fulfillable Removal System","Return","Standard","Pending","2026-04-30T22:26:07+05:30","304113-52-EU","X001VJETI1","Unsellable","7","1",,"2","4",,
"2026-04-30T18:42:35+05:30","yRHv6uO+Cq","Amazon-initiated Automated Aged fulfillable Removal System","Return","Standard","Pending","2026-04-30T22:26:07+05:30","306143-0412-EU","X001VZSIFF","Unsellable","3","1",,"2","0",,
"2026-04-30T18:42:35+05:30","yRHv6uO+Cq","Amazon-initiated Automated Aged fulfillable Removal System","Return","Standard","Pending","2026-04-30T22:26:07+05:30","VSH-IS03-EU","X001Z5PQDD","Unsellable","1","0",,"1","0",,
"2026-04-30T18:42:35+05:30","yRHv6uO+Cq","Amazon-initiated Automated Aged fulfillable Removal System","Return","Standard","Pending","2026-04-30T22:26:07+05:30","304113-P426-EU","X0021L2AV1","Unsellable","1","0",,"0","1",,
"2026-04-30T18:42:35+05:30","yRHv6uO+Cq","Amazon-initiated Automated Aged fulfillable Removal System","Return","Standard","Pending","2026-04-30T22:26:07+05:30","332021-2-EU","X0021OYWH3","Unsellable","1","0",,"1","0",,
"2026-04-30T18:42:35+05:30","yRHv6uO+Cq","Amazon-initiated Automated Aged fulfillable Removal System","Return","Standard","Pending","2026-04-30T22:26:07+05:30","VSE-ASH05-EU","X0026MTWX9","Unsellable","1","0",,"1","0",,
"2026-04-30T18:42:35+05:30","yRHv6uO+Cq","Amazon-initiated Automated Aged fulfillable Removal System","Return","Standard","Pending","2026-04-30T22:26:07+05:30","VSC-GCC4-EU","X00276V1V5","Unsellable","1","0",,"1","0",,
"2026-04-30T18:42:35+05:30","yRHv6uO+Cq","Amazon-initiated Automated Aged fulfillable Removal System","Return","Standard","Pending","2026-04-30T22:26:07+05:30","VSE-ATW70-EU","X002CXIWAB","Unsellable","2","0",,"2","0",,
"2026-04-30T12:22:45+05:30","L8Rb6x5Pr5","Seller-configured Automated Unfulfillable Removal System","Disposal","-","Completed","2026-04-30T16:00:24+05:30","VSF-AWE6Wx2-UK","X001XJCBLL","Unsellable","1","1","0",,"0",,
"2026-04-30T08:45:58+05:30","SbKgfGJtnT","Seller-configured Automated Unfulfillable Removal System","Liquidations","-","Completed","2026-04-30T10:47:29+05:30","VSF-AWE6Wx2-UK","X001XJCBLL","Unsellable","1","1",,"0","0",,
"2026-04-30T07:38:42+05:30","RM0430FL4-","Seller-initiated Manual Removal","Return","Standard","Completed","2026-05-14T18:29:39+05:30","304113-44-EU","X001VH92Y9","Unsellable","22","4",,"18","0","313.02","EUR"
"2026-04-30T07:19:56+05:30","RM0430FL4","Seller-initiated Manual Removal","Return","Standard","Cancelled","2026-04-30T07:27:40+05:30","304113-44-EU","X001VH92Y9","Unsellable","22","22",,"0","0",,
"2026-04-30T01:36:42+05:30","Xq4tk6y047","Automated Recalled Units Removal System","Disposal","-","Pending","2026-05-03T01:50:46+05:30","304113-32-EU","X001VJCNFH","Unsellable","14","0","6",,"8",,
"2026-04-29T08:19:17+05:30","7Cj9d4iJkJ","Seller-configured Automated Unfulfillable Removal System","Liquidations","-","Completed","2026-04-29T13:33:28+05:30","VSF-AWE6Wx2-UK","X001XJCBLL","Unsellable","1","1",,"0","0",,
"2026-04-28T07:54:16+05:30","k+zC52ZDzF","Seller-configured Automated Unfulfillable Removal System","Liquidations","-","Completed","2026-04-28T12:24:31+05:30","VSF-AWE6Wx2-UK","X001XJCBLL","Unsellable","1","1",,"0","0",,
"2026-04-27T10:30:27+05:30","WxhJqRDI0c","Seller-configured Automated Unfulfillable Removal System","Disposal","-","Cancelled","2026-04-27T13:17:15+05:30","VSF-AWE6Wx2-UK","X001XJCBLL","Unsellable","1","1","0",,"0",,
"2026-04-27T08:55:08+05:30","LgO1qoDJZs","Seller-configured Automated Unfulfillable Removal System","Liquidations","-","Completed","2026-04-27T15:28:18+05:30","VSF-AWE6Wx2-UK","X001XJCBLL","Unsellable","1","1",,"0","0",,
"2026-04-26T07:47:02+05:30","+ix//kU4Zv","Seller-configured Automated Unfulfillable Removal System","Liquidations","-","Completed","2026-04-26T12:29:42+05:30","VSF-AWE6Wx2-UK","X001XJCBLL","Unsellable","1","1",,"0","0",,
"2026-04-25T09:13:32+05:30","R/JDtjD/0p","Seller-configured Automated Unfulfillable Removal System","Liquidations","-","Completed","2026-04-25T14:17:30+05:30","VSF-AWE6Wx2-UK","X001XJCBLL","Unsellable","1","1",,"0","0",,
"2026-04-24T11:53:48+05:30","j2r9Fmrbsb","Seller-configured Automated Unfulfillable Removal System","Disposal","-","Completed","2026-04-25T18:24:40+05:30","SPray-08L-R-UK","X001WHRG73","Unsellable","1","0","1",,"0","1.15","GBP"
"2026-04-24T11:53:48+05:30","j2r9Fmrbsb","Seller-configured Automated Unfulfillable Removal System","Disposal","-","Completed","2026-04-25T18:24:40+05:30","VSF-AWE6Wx2-UK","X001XJCBLL","Unsellable","1","1","0",,"0",,
"2026-04-24T10:48:04+05:30","0424","Seller-initiated Manual Removal","Return","Standard","Pending","2026-04-24T12:33:42+05:30","304113-44-EU","X001VH92Y9","Sellable","271","0",,"109","162",,
"2026-04-24T09:16:36+05:30","MfbQId/BV2","Seller-configured Automated Unfulfillable Removal System","Liquidations","-","Completed","2026-04-24T11:23:45+05:30","SPray-08L-R-UK","X001WHRG73","Unsellable","1","1",,"0","0",,
"2026-04-24T09:16:36+05:30","MfbQId/BV2","Seller-configured Automated Unfulfillable Removal System","Liquidations","-","Completed","2026-04-24T11:23:45+05:30","VSF-AWE6Wx2-UK","X001XJCBLL","Unsellable","1","1",,"0","0",,
"2026-04-23T11:14:30+05:30","9VkMRTDCBT","Seller-configured Automated Unfulfillable Removal System","Disposal","-","Cancelled","2026-04-23T20:18:24+05:30","VSF-AWE6Wx2-UK","X001XJCBLL","Unsellable","1","1","0",,"0",,
"2026-04-23T11:14:30+05:30","9VkMRTDCBT","Seller-configured Automated Unfulfillable Removal System","Disposal","-","Cancelled","2026-04-23T20:18:24+05:30","VSA150SE-E25-UK","X0022P84ZR","Unsellable","1","1","0",,"0",,
"2026-04-23T08:49:46+05:30","KuEdrrTjth","Seller-configured Automated Unfulfillable Removal System","Liquidations","-","Completed","2026-04-29T17:21:03+05:30","VSF-AWE6Wx2-UK","X001XJCBLL","Unsellable","1","1",,"0","0",,
"2026-04-23T08:49:46+05:30","KuEdrrTjth","Seller-configured Automated Unfulfillable Removal System","Liquidations","-","Completed","2026-04-29T17:21:03+05:30","VSA150SE-E25-UK","X0022P84ZR","Unsellable","1","0",,"1","0","0.00","GBP"
"2026-04-22T22:36:08+05:30","K0tVHFJrFp","Amazon-initiated Automated Aged fulfillable Removal System","Return","Standard","Completed","2026-05-07T11:51:51+05:30","304113-42-EU","X001VHE5Z5","Unsellable","4","3",,"1","0","13.93","EUR"
"2026-04-22T22:36:08+05:30","K0tVHFJrFp","Amazon-initiated Automated Aged fulfillable Removal System","Return","Standard","Completed","2026-05-07T11:51:51+05:30","304113-52-EU","X001VJETI1","Unsellable","2","2",,"0","0",,
"2026-04-22T22:36:08+05:30","K0tVHFJrFp","Amazon-initiated Automated Aged fulfillable Removal System","Return","Standard","Completed","2026-05-07T11:51:51+05:30","306143-0412-EU","X001VZSIFF","Unsellable","3","0",,"3","0","12.18","EUR"
"2026-04-22T22:36:08+05:30","K0tVHFJrFp","Amazon-initiated Automated Aged fulfillable Removal System","Return","Standard","Completed","2026-05-07T11:51:51+05:30","306143-0412-EU","X001VZSIFF","Unsellable","1","0",,"1","0","4.06","EUR"
"2026-04-22T22:36:08+05:30","K0tVHFJrFp","Amazon-initiated Automated Aged fulfillable Removal System","Return","Standard","Completed","2026-05-07T11:51:51+05:30","VSH-IS03-EU","X001Z5PQDD","Unsellable","2","0",,"2","0","3.60","EUR"
"2026-04-22T22:36:08+05:30","K0tVHFJrFp","Amazon-initiated Automated Aged fulfillable Removal System","Return","Standard","Completed","2026-05-07T11:51:51+05:30","VSC-GCC4-EU","X00276V1V5","Unsellable","1","0",,"1","0","0.79","EUR"
"2026-04-22T22:36:08+05:30","K0tVHFJrFp","Amazon-initiated Automated Aged fulfillable Removal System","Return","Standard","Completed","2026-05-07T11:51:51+05:30","VSC-GCC4-EU","X00276V1V5","Unsellable","1","0",,"1","0","0.79","EUR"
"2026-04-22T08:15:50+05:30","Ep+7PvXVZf","Seller-configured Automated Unfulfillable Removal System","Liquidations","-","Completed","2026-04-22T15:17:21+05:30","VSF-AWE6Wx2-UK","X001XJCBLL","Unsellable","1","1",,"0","0",,
"2026-04-22T08:05:07+05:30","dqSuSp45ld","Seller-configured Automated Unfulfillable Removal System","Return","Standard","Completed","2026-05-18T22:32:35+05:30","304113-42-EU","X001VHE5Z5","Unsellable","15","15",,"0","0",,
"2026-04-22T08:05:07+05:30","dqSuSp45ld","Seller-configured Automated Unfulfillable Removal System","Return","Standard","Completed","2026-05-18T22:32:35+05:30","304113-55-EU","X001VJEKAX","Unsellable","5","1",,"4","0","86.68","EUR"
"2026-04-22T08:05:07+05:30","dqSuSp45ld","Seller-configured Automated Unfulfillable Removal System","Return","Standard","Completed","2026-05-18T22:32:35+05:30","304113-52-EU","X001VJETI1","Unsellable","2","2",,"0","0",,
"2026-04-22T08:05:07+05:30","dqSuSp45ld","Seller-configured Automated Unfulfillable Removal System","Return","Standard","Completed","2026-05-18T22:32:35+05:30","Spray-SX-CS5-EU","X001VKGO47","Unsellable","1","0",,"1","0","3.19","EUR"
"2026-04-22T08:05:07+05:30","dqSuSp45ld","Seller-configured Automated Unfulfillable Removal System","Return","Standard","Completed","2026-05-18T22:32:35+05:30","306146-0412-EU","X001VZST45","Unsellable","1","0",,"1","0","4.06","EUR"
"2026-04-22T08:05:07+05:30","dqSuSp45ld","Seller-configured Automated Unfulfillable Removal System","Return","Standard","Completed","2026-05-18T22:32:35+05:30","GIY-SGS-224-EU","X001XL6FXJ","Unsellable","2","0",,"2","0","64.92","EUR"
"2026-04-22T08:05:07+05:30","dqSuSp45ld","Seller-configured Automated Unfulfillable Removal System","Return","Standard","Completed","2026-05-18T22:32:35+05:30","VSH-IS03-EU","X001Z5PQDD","Unsellable","4","1",,"3","0","5.40","EUR"
"2026-04-22T08:05:07+05:30","dqSuSp45ld","Seller-configured Automated Unfulfillable Removal System","Return","Standard","Completed","2026-05-18T22:32:35+05:30","311003-4X2NJ-EU","X0021P8V2T","Unsellable","11","1",,"10","0","5.00","EUR"
"2026-04-22T08:05:07+05:30","dqSuSp45ld","Seller-configured Automated Unfulfillable Removal System","Return","Standard","Completed","2026-05-18T22:32:35+05:30","VSF-AWD4x2-EU","X0023L9G3T","Unsellable","2","1",,"1","0","1.80","EUR"
"2026-04-22T08:05:07+05:30","dqSuSp45ld","Seller-configured Automated Unfulfillable Removal System","Return","Standard","Completed","2026-05-18T22:32:35+05:30","VSC-GCC4-EU","X00276V1V5","Unsellable","10","3",,"7","0","5.53","EUR"
"2026-04-21T21:40:04+05:30","CqvGHQ4koH","Amazon-initiated Automated Aged fulfillable Removal System","Liquidations","-","Completed","2026-04-21T22:03:22+05:30","VSF-AWE6Wx2-UK","X001XJCBLL","Unsellable","1","1",,"0","0",,
"2026-04-21T08:17:52+05:30","9rawHysxfZ","Seller-configured Automated Unfulfillable Removal System","Liquidations","-","Completed","2026-04-21T12:56:18+05:30","VSF-AWE6Wx2-UK","X001XJCBLL","Unsellable","1","1",,"0","0",,
"2026-04-20T08:37:38+05:30","DESjypcgcB","Seller-configured Automated Unfulfillable Removal System","Liquidations","-","Completed","2026-04-20T14:30:21+05:30","VSF-AWE6Wx2-UK","X001XJCBLL","Unsellable","1","1",,"0","0",,
"2026-04-19T13:15:09+05:30","i8C7pxCeuU","Seller-configured Automated Unfulfillable Removal System","Liquidations","-","Completed","2026-04-19T20:11:31+05:30","VSF-AWE6Wx2-UK","X001XJCBLL","Unsellable","1","1",,"0","0",,
"2026-04-18T11:49:19+05:30","KWcCmNy+qf","Seller-configured Automated Unfulfillable Removal System","Disposal","-","Cancelled","2026-04-18T13:53:36+05:30","VSF-AWE6Wx2-UK","X001XJCBLL","Unsellable","1","1","0",,"0",,
"2026-04-18T11:49:19+05:30","KWcCmNy+qf","Seller-configured Automated Unfulfillable Removal System","Disposal","-","Cancelled","2026-04-18T13:53:36+05:30","305131-UK","X0022PUP95","Unsellable","1","1","0",,"0",,
"2026-04-18T09:28:07+05:30","XvSGiPLy06","Seller-configured Automated Unfulfillable Removal System","Liquidations","-","Completed","2026-04-22T08:59:34+05:30","VSF-AWE6Wx2-UK","X001XJCBLL","Unsellable","1","1",,"0","0",,
"2026-04-18T09:28:07+05:30","XvSGiPLy06","Seller-configured Automated Unfulfillable Removal System","Liquidations","-","Completed","2026-04-22T08:59:34+05:30","305131-UK","X0022PUP95","Unsellable","1","0",,"1","0","0.00","GBP"
"2026-04-16T11:42:12+05:30","fpsllgkUCD","Seller-configured Automated Unfulfillable Removal System","Disposal","-","Completed","2026-04-16T13:53:00+05:30","VSF-AWE6Wx2-UK","X001XJCBLL","Unsellable","1","1","0",,"0",,
"2026-04-16T08:20:00+05:30","rf0O6gfFcn","Seller-configured Automated Unfulfillable Removal System","Liquidations","-","Completed","2026-04-17T01:44:57+05:30","VSF-AWE6Wx2-UK","X001XJCBLL","Unsellable","1","1",,"0","0",,
"2026-04-15T12:09:57+05:30","Qs2I5biNIJ","Seller-configured Automated Unfulfillable Removal System","Disposal","-","Completed","2026-04-16T08:14:53+05:30","VSF-AWE6Wx2-UK","X001XJCBLL","Unsellable","1","1","0",,"0",,
"2026-04-15T07:53:47+05:30","Dis-0415-2","Seller-initiated Manual Removal","Disposal","-","Completed","2026-04-16T13:23:04+05:30","VSF-AWE6Wx2-UK","X001XJCBLL","Unsellable","1","1","0",,"0",,
"2026-04-15T07:53:47+05:30","Dis-0415-2","Seller-initiated Manual Removal","Disposal","-","Completed","2026-04-16T13:23:04+05:30","VSH-IS03-UK","X0022UF9AZ","Unsellable","1","0","1",,"0","2.28","GBP"
"2026-04-15T07:48:17+05:30","Dis-0415-1","Seller-initiated Manual Removal","Disposal","-","Completed","2026-04-21T09:17:16+05:30","306143-0616-EU","X001VZO4UN","Unsellable","1","0","1",,"0","9.38","EUR"
"2026-04-15T07:48:17+05:30","Dis-0415-1","Seller-initiated Manual Removal","Disposal","-","Completed","2026-04-21T09:17:16+05:30","VSV-AZG4-EU","X001WOUZFV","Unsellable","1","0","1",,"0","6.56","EUR"
"2026-04-15T07:48:17+05:30","Dis-0415-1","Seller-initiated Manual Removal","Disposal","-","Completed","2026-04-21T09:17:16+05:30","LED-100x2-EU","X0020AEZ6V","Unsellable","1","0","1",,"0","16.78","EUR"
"2026-04-15T07:48:17+05:30","Dis-0415-1","Seller-initiated Manual Removal","Disposal","-","Completed","2026-04-21T09:17:16+05:30","SST-1-0001-EU","X0024QXTEF","Unsellable","1","0","1",,"0","5.15","EUR"
"2026-04-15T07:48:17+05:30","Dis-0415-1","Seller-initiated Manual Removal","Disposal","-","Completed","2026-04-21T09:17:16+05:30","GH-E42AP-EU","X002CUA5IB","Unsellable","2","0","2",,"0","5.46","EUR"
"2026-04-15T07:48:17+05:30","Dis-0415-1","Seller-initiated Manual Removal","Disposal","-","Completed","2026-04-21T09:17:16+05:30","VSV-AZG4E42AP-EU","X002CUEXZ7","Unsellable","1","0","1",,"0","6.56","EUR"
"2026-04-15T07:48:17+05:30","Dis-0415-1","Seller-initiated Manual Removal","Disposal","-","Completed","2026-04-21T09:17:16+05:30","VSI-VGDWC15-EU-N1","X002FA33A5","Unsellable","2","0","2",,"0","29.18","EUR"
"2026-04-15T07:31:47+05:30","kcqSAT6Wl8","Seller-configured Automated Unfulfillable Removal System","Liquidations","-","Completed","2026-04-15T18:46:11+05:30","VSF-AWE6Wx2-UK","X001XJCBLL","Unsellable","1","1",,"0","0",,
"2026-04-15T02:42:18+05:30","ExKkFDYvdc","Seller-configured Automated Unfulfillable Removal System","Disposal","-","Completed","2026-04-15T07:28:42+05:30","VSF-AWE6Wx2-UK","X001XJCBLL","Unsellable","1","1","0",,"0",,
"2026-04-14T23:35:03+05:30","7pTdp1BU4K","Seller-configured Automated Unfulfillable Removal System","Liquidations","-","Completed","2026-04-16T01:01:57+05:30","VSF-AWE6Wx2-UK","X001XJCBLL","Unsellable","1","1",,"0","0",,
"2026-04-14T23:35:03+05:30","7pTdp1BU4K","Seller-configured Automated Unfulfillable Removal System","Liquidations","-","Completed","2026-04-16T01:01:57+05:30","305131-UK","X0022PUP95","Unsellable","1","0",,"1","0","0.00","GBP"
"2026-04-13T22:06:52+05:30","1o3x+JF67X","Amazon-initiated Automated Aged fulfillable Removal System","Liquidations","-","Completed","2026-04-14T08:58:53+05:30","VSF-AWE6Wx2-UK","X001XJCBLL","Unsellable","1","1",,"0","0",,
"2026-04-13T18:19:10+05:30","EcK37+tjBq","Amazon-initiated Automated Aged fulfillable Removal System","Return","Standard","Completed","2026-04-24T03:19:50+05:30","304113-3018-EU","X001VH0DZB","Unsellable","1","1",,"0","0",,
"2026-04-13T18:19:10+05:30","EcK37+tjBq","Amazon-initiated Automated Aged fulfillable Removal System","Return","Standard","Completed","2026-04-24T03:19:50+05:30","304113-42-EU","X001VHE5Z5","Unsellable","5","4",,"1","0","13.93","EUR"
"2026-04-13T18:19:10+05:30","EcK37+tjBq","Amazon-initiated Automated Aged fulfillable Removal System","Return","Standard","Completed","2026-04-24T03:19:50+05:30","304113-55-EU","X001VJEKAX","Unsellable","1","1",,"0","0",,
"2026-04-13T18:19:10+05:30","EcK37+tjBq","Amazon-initiated Automated Aged fulfillable Removal System","Return","Standard","Completed","2026-04-24T03:19:50+05:30","304113-84-EU","X001VJENEB","Unsellable","1","1",,"0","0",,
"2026-04-13T18:19:10+05:30","EcK37+tjBq","Amazon-initiated Automated Aged fulfillable Removal System","Return","Standard","Completed","2026-04-24T03:19:50+05:30","304113-52-EU","X001VJETI1","Unsellable","10","10",,"0","0",,
"2026-04-13T18:19:10+05:30","EcK37+tjBq","Amazon-initiated Automated Aged fulfillable Removal System","Return","Standard","Completed","2026-04-24T03:19:50+05:30","306143-0412-EU","X001VZSIFF","Unsellable","4","2",,"2","0","8.12","EUR"
"2026-04-13T18:19:10+05:30","EcK37+tjBq","Amazon-initiated Automated Aged fulfillable Removal System","Return","Standard","Completed","2026-04-24T03:19:50+05:30","GIY-SGS-224-EU","X001XL6FXJ","Unsellable","2","2",,"0","0",,
"2026-04-13T18:19:10+05:30","EcK37+tjBq","Amazon-initiated Automated Aged fulfillable Removal System","Return","Standard","Completed","2026-04-24T03:19:50+05:30","VSH-IS03-EU","X001Z5PQDD","Unsellable","11","5",,"6","0","10.80","EUR"
"2026-04-13T18:19:10+05:30","EcK37+tjBq","Amazon-initiated Automated Aged fulfillable Removal System","Return","Standard","Completed","2026-04-24T03:19:50+05:30","304113-P426-EU","X0021L2AV1","Unsellable","1","1",,"0","0",,
"2026-04-13T18:19:10+05:30","EcK37+tjBq","Amazon-initiated Automated Aged fulfillable Removal System","Return","Standard","Completed","2026-04-24T03:19:50+05:30","332021-2-EU","X0021OYWH3","Unsellable","1","1",,"0","0",,
"2026-04-13T18:19:10+05:30","EcK37+tjBq","Amazon-initiated Automated Aged fulfillable Removal System","Return","Standard","Completed","2026-04-24T03:19:50+05:30","VSE-ASH05-EU","X0026MTWX9","Unsellable","1","1",,"0","0",,
"2026-04-13T18:19:10+05:30","EcK37+tjBq","Amazon-initiated Automated Aged fulfillable Removal System","Return","Standard","Completed","2026-04-24T03:19:50+05:30","VSE-ATW70-EU","X002CXIWAB","Unsellable","2","0",,"2","0","0.00","EUR"
"2026-04-13T16:55:49+05:30","4BS-FL4","Seller-initiated Manual Removal","Return","Standard","Completed","2026-04-24T01:26:49+05:30","304113-44-EU","X001VH92Y9","Unsellable","17","17",,"0","0",,
"2026-04-13T16:55:49+05:30","4BS-FL4","Seller-initiated Manual Removal","Return","Standard","Completed","2026-04-24T01:26:49+05:30","304113-44-EU","X001VH92Y9","Sellable","271","271",,"0","0",,
"2026-04-10T08:25:07+05:30","Dis-0410-2","Seller-initiated Manual Removal","Disposal","-","Completed","2026-04-13T16:03:16+05:30","VSF-AWE6Wx2-UK","X001XJCBLL","Unsellable","1","1","0",,"0",,
"2026-04-10T08:25:07+05:30","Dis-0410-2","Seller-initiated Manual Removal","Disposal","-","Completed","2026-04-13T16:03:16+05:30","305131-UK","X0022PUP95","Unsellable","1","0","1",,"0","0.74","GBP"
"2026-04-10T08:25:07+05:30","Dis-0410-2","Seller-initiated Manual Removal","Disposal","-","Completed","2026-04-13T16:03:16+05:30","VSH-IS03-UK","X0022UF9AZ","Unsellable","1","0","1",,"0","2.28","GBP"
"2026-04-10T08:19:27+05:30","Dis-0410-1","Seller-initiated Manual Removal","Disposal","-","Completed","2026-04-18T07:48:13+05:30","306143-0616-EU","X001VZO4UN","Unsellable","1","1","0",,"0",,
"2026-04-10T08:19:27+05:30","Dis-0410-1","Seller-initiated Manual Removal","Disposal","-","Completed","2026-04-18T07:48:13+05:30","306146-0616-EU","X001VZO6ND","Unsellable","1","0","1",,"0","9.38","EUR"
"2026-04-10T08:19:27+05:30","Dis-0410-1","Seller-initiated Manual Removal","Disposal","-","Completed","2026-04-18T07:48:13+05:30","306146-0412-EU","X001VZST45","Unsellable","1","0","1",,"0","6.56","EUR"
"2026-04-10T08:19:27+05:30","Dis-0410-1","Seller-initiated Manual Removal","Disposal","-","Completed","2026-04-18T07:48:13+05:30","311003-5-EU","X001W1HJ2B","Unsellable","1","0","1",,"0","0.74","EUR"
"2026-04-10T08:19:27+05:30","Dis-0410-1","Seller-initiated Manual Removal","Disposal","-","Completed","2026-04-18T07:48:13+05:30","VS-THB1S-EU","X0020HG1EN","Unsellable","1","0","1",,"0","1.19","EUR"
"2026-04-10T08:19:27+05:30","Dis-0410-1","Seller-initiated Manual Removal","Disposal","-","Completed","2026-04-18T07:48:13+05:30","332022-EU","X0021P5OXX","Unsellable","1","0","1",,"0","0.74","EUR"
"2026-04-10T08:19:27+05:30","Dis-0410-1","Seller-initiated Manual Removal","Disposal","-","Completed","2026-04-18T07:48:13+05:30","332021-EU","X0021P5SGL","Unsellable","1","0","1",,"0","0.74","EUR"
"2026-04-10T08:19:27+05:30","Dis-0410-1","Seller-initiated Manual Removal","Disposal","-","Completed","2026-04-18T07:48:13+05:30","VSF-AWD4x2-EU","X0023L9G3T","Unsellable","1","0","1",,"0","2.73","EUR"
"2026-04-10T08:19:27+05:30","Dis-0410-1","Seller-initiated Manual Removal","Disposal","-","Completed","2026-04-18T07:48:13+05:30","VSF-AWD4Wx2-EU","X0023LHG9P","Unsellable","1","0","1",,"0","2.73","EUR"
"2026-04-10T08:19:27+05:30","Dis-0410-1","Seller-initiated Manual Removal","Disposal","-","Completed","2026-04-18T07:48:13+05:30","306104-42C-EU","X0023T6Q1L","Unsellable","1","0","1",,"0","10.66","EUR"
"2026-04-10T08:19:27+05:30","Dis-0410-1","Seller-initiated Manual Removal","Disposal","-","Completed","2026-04-18T07:48:13+05:30","VSF-AWE6-G2x2-EU","X002611E9Z","Unsellable","1","0","1",,"0","6.56","EUR"
"2026-04-10T08:19:27+05:30","Dis-0410-1","Seller-initiated Manual Removal","Disposal","-","Completed","2026-04-18T07:48:13+05:30","VSE-UH075-EU","X0026HLHBJ","Unsellable","2","0","2",,"0","2.38","EUR"
"2026-04-10T08:19:27+05:30","Dis-0410-1","Seller-initiated Manual Removal","Disposal","-","Completed","2026-04-18T07:48:13+05:30","VSVC-AZG4E42AP-EU","X002CU6GJ3","Unsellable","1","0","1",,"0","19.88","EUR"
"2026-04-10T08:19:27+05:30","Dis-0410-1","Seller-initiated Manual Removal","Disposal","-","Completed","2026-04-18T07:48:13+05:30","GH-E42AP-EU","X002CUA5IB","Unsellable","1","0","1",,"0","2.73","EUR"
"2026-04-10T07:53:54+05:30","NMNiCdY+Ga","Seller-configured Automated Unfulfillable Removal System","Liquidations","-","Completed","2026-04-10T09:23:11+05:30","VSF-AWE6Wx2-UK","X001XJCBLL","Unsellable","1","1",,"0","0",,
"2026-04-09T12:21:27+05:30","tHvMSsL8mf","Seller-configured Automated Unfulfillable Removal System","Disposal","-","Completed","2026-04-11T00:08:44+05:30","306101S-6-UK","X0022UCHDH","Unsellable","1","0","1",,"0","6.25","GBP"
"2026-04-09T08:09:38+05:30","36+6HLXTBV","Seller-configured Automated Unfulfillable Removal System","Liquidations","-","Completed","2026-04-13T17:55:35+05:30","VSF-AWE6Wx2-UK","X001XJCBLL","Unsellable","1","1",,"0","0",,
"2026-04-09T08:09:38+05:30","36+6HLXTBV","Seller-configured Automated Unfulfillable Removal System","Liquidations","-","Completed","2026-04-13T17:55:35+05:30","306101S-6-UK","X0022UCHDH","Unsellable","2","1",,"1","0","0.00","GBP"
"2026-04-08T07:58:40+05:30","FBPuBJNtkI","Seller-configured Automated Unfulfillable Removal System","Liquidations","-","Completed","2026-04-08T12:53:50+05:30","VSF-AWE6Wx2-UK","X001XJCBLL","Unsellable","1","1",,"0","0",,
"2026-04-07T12:02:23+05:30","shDjAvuFhA","Seller-configured Automated Unfulfillable Removal System","Disposal","-","Completed","2026-04-10T17:41:13+05:30","VSF-AWE6Wx2-UK","X001XJCBLL","Unsellable","1","1","0",,"0",,
"2026-04-07T12:02:23+05:30","shDjAvuFhA","Seller-configured Automated Unfulfillable Removal System","Disposal","-","Completed","2026-04-10T17:41:13+05:30","306101S-6-UK","X0022UCHDH","Unsellable","1","0","1",,"0","6.25","GBP"
"2026-04-07T08:52:58+05:30","uFXM6gowiJ","Seller-configured Automated Unfulfillable Removal System","Return","Standard","Cancelled","2026-04-07T14:44:53+05:30","304113-42-EU","X001VHE5Z5","Unsellable","20","20",,"0","0",,
"2026-04-07T08:52:58+05:30","uFXM6gowiJ","Seller-configured Automated Unfulfillable Removal System","Return","Standard","Cancelled","2026-04-07T14:44:53+05:30","304113-55-EU","X001VJEKAX","Unsellable","1","1",,"0","0",,
"2026-04-07T08:52:58+05:30","uFXM6gowiJ","Seller-configured Automated Unfulfillable Removal System","Return","Standard","Cancelled","2026-04-07T14:44:53+05:30","304113-84-EU","X001VJENEB","Unsellable","1","1",,"0","0",,
"2026-04-07T08:52:58+05:30","uFXM6gowiJ","Seller-configured Automated Unfulfillable Removal System","Return","Standard","Cancelled","2026-04-07T14:44:53+05:30","304113-52-EU","X001VJETI1","Unsellable","10","10",,"0","0",,
"2026-04-07T08:52:58+05:30","uFXM6gowiJ","Seller-configured Automated Unfulfillable Removal System","Return","Standard","Cancelled","2026-04-07T14:44:53+05:30","306146-0616-EU","X001VZO6ND","Unsellable","1","1",,"0","0",,
"2026-04-07T08:52:58+05:30","uFXM6gowiJ","Seller-configured Automated Unfulfillable Removal System","Return","Standard","Cancelled","2026-04-07T14:44:53+05:30","306146-0412-EU","X001VZST45","Unsellable","1","1",,"0","0",,
"2026-04-07T08:52:58+05:30","uFXM6gowiJ","Seller-configured Automated Unfulfillable Removal System","Return","Standard","Cancelled","2026-04-07T14:44:53+05:30","GIY-SGS-224-EU","X001XL6FXJ","Unsellable","2","2",,"0","0",,
"2026-04-07T08:52:58+05:30","uFXM6gowiJ","Seller-configured Automated Unfulfillable Removal System","Return","Standard","Cancelled","2026-04-07T14:44:53+05:30","VSH-IS03-EU","X001Z5PQDD","Unsellable","11","11",,"0","0",,
"2026-04-07T08:52:58+05:30","uFXM6gowiJ","Seller-configured Automated Unfulfillable Removal System","Return","Standard","Cancelled","2026-04-07T14:44:53+05:30","304113-P426-EU","X0021L2AV1","Unsellable","1","1",,"0","0",,
"2026-04-07T08:52:58+05:30","uFXM6gowiJ","Seller-configured Automated Unfulfillable Removal System","Return","Standard","Cancelled","2026-04-07T14:44:53+05:30","VSF-AWD4Wx2-EU","X0023LHG9P","Unsellable","1","1",,"0","0",,
"2026-04-07T08:52:58+05:30","uFXM6gowiJ","Seller-configured Automated Unfulfillable Removal System","Return","Standard","Cancelled","2026-04-07T14:44:53+05:30","VSE-ASH05-EU","X0026MTWX9","Unsellable","1","1",,"0","0",,
"2026-04-07T08:52:58+05:30","uFXM6gowiJ","Seller-configured Automated Unfulfillable Removal System","Return","Standard","Cancelled","2026-04-07T14:44:53+05:30","VSC-GCC4-EU","X00276V1V5","Unsellable","3","3",,"0","0",,
"2026-04-07T08:47:43+05:30","jf/ygduGEd","Seller-configured Automated Unfulfillable Removal System","Liquidations","-","Completed","2026-04-07T14:42:43+05:30","VSF-AWE6Wx2-UK","X001XJCBLL","Unsellable","1","1",,"0","0",,
"2026-04-07T07:00:33+05:30","Xq471ut554","Automated Recalled Units Removal System","Disposal","-","Completed","2026-04-11T00:15:22+05:30","304113-22-EU","X001W1GOCH","Unsellable","1","0","1",,"0","16.78","EUR"
"2026-04-06T11:15:05+05:30","pVVFPtKbZz","Seller-configured Automated Unfulfillable Removal System","Disposal","-","Completed","2026-04-06T17:38:22+05:30","VSF-AWE6Wx2-UK","X001XJCBLL","Unsellable","1","1","0",,"0",,
"2026-04-06T11:15:05+05:30","pVVFPtKbZz","Seller-configured Automated Unfulfillable Removal System","Disposal","-","Completed","2026-04-06T17:38:22+05:30","306101S-6-UK","X0022UCHDH","Unsellable","3","3","0",,"0",,
"2026-04-06T09:13:26+05:30","6yTjDC5Mte","Seller-configured Automated Unfulfillable Removal System","Liquidations","-","Completed","2026-04-07T12:52:45+05:30","VSF-AWE6Wx2-UK","X001XJCBLL","Unsellable","1","1",,"0","0",,
"2026-04-06T09:13:26+05:30","6yTjDC5Mte","Seller-configured Automated Unfulfillable Removal System","Liquidations","-","Completed","2026-04-07T12:52:45+05:30","306101S-6-UK","X0022UCHDH","Unsellable","3","2",,"1","0","0.00","GBP"
"2026-04-06T01:43:38+05:30","Xq45kds155","Automated Recalled Units Removal System","Disposal","-","Completed","2026-04-09T02:53:34+05:30","304113-44-EU","X001VH92Y9","Unsellable","13","13","0",,"0",,
"2026-04-05T10:54:04+05:30","GjQv8FwWT2","Seller-configured Automated Unfulfillable Removal System","Disposal","-","Completed","2026-04-07T19:16:17+05:30","VSF-AWE6Wx2-UK","X001XJCBLL","Unsellable","1","1","0",,"0",,
"2026-04-05T10:54:04+05:30","GjQv8FwWT2","Seller-configured Automated Unfulfillable Removal System","Disposal","-","Completed","2026-04-07T19:16:17+05:30","306101S-6-UK","X0022UCHDH","Unsellable","1","0","1",,"0","6.25","GBP"
"2026-04-05T08:25:24+05:30","WYnAKlIBQc","Seller-configured Automated Unfulfillable Removal System","Liquidations","-","Completed","2026-04-07T14:06:18+05:30","VSF-AWE6Wx2-UK","X001XJCBLL","Unsellable","1","1",,"0","0",,
"2026-04-05T08:25:24+05:30","WYnAKlIBQc","Seller-configured Automated Unfulfillable Removal System","Liquidations","-","Completed","2026-04-07T14:06:18+05:30","306101S-6-UK","X0022UCHDH","Unsellable","1","1",,"0","0",,
"2026-04-04T11:30:58+05:30","7WUf2wLQXN","Seller-configured Automated Unfulfillable Removal System","Disposal","-","Completed","2026-04-07T02:09:57+05:30","304113-42-UK","X001VV4KGZ","Unsellable","1","0","1",,"0","19.58","GBP"
"2026-04-04T11:30:58+05:30","7WUf2wLQXN","Seller-configured Automated Unfulfillable Removal System","Disposal","-","Completed","2026-04-07T02:09:57+05:30","VSF-AWE6Wx2-UK","X001XJCBLL","Unsellable","1","1","0",,"0",,
"2026-04-04T08:36:53+05:30","KZeahXVHJB","Seller-configured Automated Unfulfillable Removal System","Liquidations","-","Completed","2026-04-08T19:28:25+05:30","VSF-AWE6Wx2-UK","X001XJCBLL","Unsellable","1","1",,"0","0",,
"2026-04-04T08:36:53+05:30","KZeahXVHJB","Seller-configured Automated Unfulfillable Removal System","Liquidations","-","Completed","2026-04-08T19:28:25+05:30","304113-P276-UK","X0022PY31L","Unsellable","1","0",,"1","0","0.00","GBP"
"2026-04-03T11:35:02+05:30","VylWMvq4rp","Seller-configured Automated Unfulfillable Removal System","Disposal","-","Completed","2026-04-04T11:30:33+05:30","304113-42-UK","X001VV4KGZ","Unsellable","1","1","0",,"0",,
"2026-04-03T08:01:16+05:30","Dis-0403-2","Seller-initiated Manual Removal","Disposal","-","Completed","2026-04-09T18:01:08+05:30","VSF-AWE6Wx2-UK","X001XJCBLL","Unsellable","1","1","0",,"0",,
"2026-04-03T08:01:16+05:30","Dis-0403-2","Seller-initiated Manual Removal","Disposal","-","Completed","2026-04-09T18:01:08+05:30","VSV-AZG6-UK","X001XJCH1Z","Unsellable","1","1","0",,"0",,
"2026-04-03T08:01:16+05:30","Dis-0403-2","Seller-initiated Manual Removal","Disposal","-","Completed","2026-04-09T18:01:08+05:30","305131-UK","X0022PUP95","Unsellable","2","0","2",,"0","1.48","GBP"
"2026-04-03T07:55:14+05:30","Dis-0403-1","Seller-initiated Manual Removal","Disposal","-","Completed","2026-04-13T21:54:05+05:30","SPray-70L-EU","X001VKJH9V","Unsellable","2","0","2",,"0","21.32","EUR"
"2026-04-03T07:55:14+05:30","Dis-0403-1","Seller-initiated Manual Removal","Disposal","-","Completed","2026-04-13T21:54:05+05:30","306146-0616-EU","X001VZO6ND","Unsellable","1","0","1",,"0","9.38","EUR"
"2026-04-03T07:55:14+05:30","Dis-0403-1","Seller-initiated Manual Removal","Disposal","-","Completed","2026-04-13T21:54:05+05:30","VSFW001-Black-ZY-EU","X001W1HOD5","Unsellable","1","0","1",,"0","24.53","EUR"
"2026-04-03T07:55:14+05:30","Dis-0403-1","Seller-initiated Manual Removal","Disposal","-","Completed","2026-04-13T21:54:05+05:30","VSV-AZT6-EU","X001WOUTQV","Unsellable","1","0","1",,"0","6.56","EUR"
"2026-04-03T07:55:14+05:30","Dis-0403-1","Seller-initiated Manual Removal","Disposal","-","Completed","2026-04-13T21:54:05+05:30","VSV-AZS4-EU","X001YZMP8D","Unsellable","1","0","1",,"0","6.56","EUR"
"2026-04-03T07:55:14+05:30","Dis-0403-1","Seller-initiated Manual Removal","Disposal","-","Completed","2026-04-13T21:54:05+05:30","VSV-AZS6-EU","X001YZNSF7","Unsellable","1","0","1",,"0","6.56","EUR"
"2026-04-03T07:55:14+05:30","Dis-0403-1","Seller-initiated Manual Removal","Disposal","-","Completed","2026-04-13T21:54:05+05:30","GH-E25-EU","X0020AGC0X","Unsellable","1","0","1",,"0","0.74","EUR"
"2026-04-03T07:55:14+05:30","Dis-0403-1","Seller-initiated Manual Removal","Disposal","-","Completed","2026-04-13T21:54:05+05:30","VS-THB1S-EU","X0020HG1EN","Unsellable","2","0","2",,"0","2.38","EUR"
"2026-04-03T07:55:14+05:30","Dis-0403-1","Seller-initiated Manual Removal","Disposal","-","Completed","2026-04-13T21:54:05+05:30","332021-2-EU","X0021OYWH3","Unsellable","1","1","0",,"0",,
"2026-04-03T07:55:14+05:30","Dis-0403-1","Seller-initiated Manual Removal","Disposal","-","Completed","2026-04-13T21:54:05+05:30","332022-EU","X0021P5OXX","Unsellable","1","0","1",,"0","0.74","EUR"
"2026-04-03T07:55:14+05:30","Dis-0403-1","Seller-initiated Manual Removal","Disposal","-","Completed","2026-04-13T21:54:05+05:30","VSI-FFD2-EU","X0021PRUUD","Unsellable","1","0","1",,"0","0.74","EUR"
"2026-04-03T07:55:14+05:30","Dis-0403-1","Seller-initiated Manual Removal","Disposal","-","Completed","2026-04-13T21:54:05+05:30","VSF-AWD4x2-EU","X0023L9G3T","Unsellable","1","0","1",,"0","2.73","EUR"
"2026-04-03T07:55:14+05:30","Dis-0403-1","Seller-initiated Manual Removal","Disposal","-","Completed","2026-04-13T21:54:05+05:30","VSF-AWD4Wx2-EU","X0023LHG9P","Unsellable","2","0","2",,"0","5.46","EUR"
"2026-04-03T07:55:14+05:30","Dis-0403-1","Seller-initiated Manual Removal","Disposal","-","Completed","2026-04-13T21:54:05+05:30","VSE-UH075-EU","X0026HLHBJ","Unsellable","1","0","1",,"0","1.19","EUR"
"2026-04-03T07:55:14+05:30","Dis-0403-1","Seller-initiated Manual Removal","Disposal","-","Completed","2026-04-13T21:54:05+05:30","VSL-LRUC100-EU","X002BS027N","Unsellable","1","0","1",,"0","14.59","EUR"
"2026-04-03T07:55:14+05:30","Dis-0403-1","Seller-initiated Manual Removal","Disposal","-","Completed","2026-04-13T21:54:05+05:30","VSV-AZG4E42AP-EU","X002CUEXZ7","Unsellable","1","0","1",,"0","6.56","EUR"
"2026-04-03T07:50:03+05:30","af94gv2nv/","Seller-configured Automated Unfulfillable Removal System","Liquidations","-","Completed","2026-04-15T13:31:35+05:30","VSF-AWE6Wx2-UK","X001XJCBLL","Unsellable","1","1",,"0","0",,
"2026-04-03T07:50:03+05:30","af94gv2nv/","Seller-configured Automated Unfulfillable Removal System","Liquidations","-","Completed","2026-04-15T13:31:35+05:30","VSV-AZG6-UK","X001XJCH1Z","Unsellable","1","0",,"1","0","0.00","GBP"
"2026-04-03T01:42:44+05:30","Xq42kcC953","Automated Recalled Units Removal System","Disposal","-","Cancelled","2026-04-03T06:41:21+05:30","304113-33-EU","X001VJ6GO1","Unsellable","28","28","0",,"0",,
"2026-04-02T12:23:20+05:30","eoDlwMTdjm","Seller-configured Automated Unfulfillable Removal System","Disposal","-","Cancelled","2026-04-02T15:46:16+05:30","VSF-AWE6Wx2-UK","X001XJCBLL","Unsellable","1","1","0",,"0",,
"2026-04-02T08:40:46+05:30","kyhwA83M6d","Seller-configured Automated Unfulfillable Removal System","Liquidations","-","Completed","2026-04-02T10:18:11+05:30","VSF-AWE6Wx2-UK","X001XJCBLL","Unsellable","1","1",,"0","0",,
"2026-04-02T01:43:42+05:30","Xq41kdD087","Automated Recalled Units Removal System","Disposal","-","Cancelled","2026-04-02T06:33:25+05:30","304113-27-EU","X001VGU2DF","Unsellable","1","1","0",,"0",,
"2026-04-01T22:42:55+05:30","Xq41hcP644","Automated Recalled Units Removal System","Disposal","-","Cancelled","2026-04-02T06:33:06+05:30","304113-32-EU","X001VJCNFH","Unsellable","14","14","0",,"0",,
"2026-04-01T11:47:16+05:30","RM0401FL5","Seller-initiated Manual Removal","Return","Standard","Completed","2026-04-14T22:28:16+05:30","304113-44-EU","X001VH92Y9","Sellable","271","271",,"0","0",,
"2026-04-01T11:47:16+05:30","RM0401FL5","Seller-initiated Manual Removal","Return","Standard","Completed","2026-04-14T22:28:16+05:30","304113-44-EU","X001VH92Y9","Unsellable","30","22",,"8","0","139.12","EUR"
"2026-04-01T11:45:04+05:30","RM0401FL4","Seller-initiated Manual Removal","Return","Standard","Completed","2026-04-01T20:15:16+05:30","304113-33-EU","X001VJ6GO1","Unsellable","28","28",,"0","0",,
"2026-04-01T10:54:43+05:30","1Gs/61ShBD","Seller-configured Automated Unfulfillable Removal System","Disposal","-","Completed","2026-04-01T14:42:35+05:30","VSF-AWE6Wx2-UK","X001XJCBLL","Unsellable","1","1","0",,"0",,
"2026-04-01T07:58:08+05:30","Kp4U1fslGm","Seller-configured Automated Unfulfillable Removal System","Liquidations","-","Completed","2026-04-03T22:11:35+05:30","VSF-AWE6Wx2-UK","X001XJCBLL","Unsellable","1","1",,"0","0",,
"2026-04-01T07:58:08+05:30","Kp4U1fslGm","Seller-configured Automated Unfulfillable Removal System","Liquidations","-","Completed","2026-04-03T22:11:35+05:30","VSA150SE-E25-UK","X0022P84ZR","Unsellable","1","0",,"1","0","0.00","GBP"
