"approval-date","reimbursement-id","case-id","amazon-order-id","reason","sku","fnsku","asin","product-name","condition","currency-unit","amount-per-unit","amount-total","quantity-reimbursed-cash","quantity-reimbursed-inventory","quantity-reimbursed-total","original-reimbursement-id","original-reimbursement-type"
"2026-04-15T06:01:01+00:00","8183210662",,"302-7546374-9757119","CustomerReturn","330301-EU","X00247HY3B","B09SZ9VS93","VIVOSUN Heizmatte Pflanzen 25,4x52,7cm mit Temperaturregler, Wasserdichte Pflanzen-Wärmematte UL & MET Zertifiziert, Setzling Heizmatte für Keimung, Hydrokultur, Zucht und Gewächshaus","NewItem","EUR","25.53","25.53","1","0","1",,
"2026-04-13T13:08:04+00:00","8177119232",,"304-1193557-9427511","CustomerReturn","CBIN-BL-43J-EU","X0023SUF0Z","B08346W5S6","VIVOSUN Trommelkomposter 163L, Drehbarer Schnellkomposter mit 2 Kammern, Robuster Kunststoff Gartenkomposter mit Lüftungsöffnungen & Wasserdichten Gartenhandschuhen für Gartenabfälle","NewItem","EUR","55.10","55.10","1","0","1",,
"2026-04-13T11:39:12+00:00","8177389812",,"028-6009537-8992348","CustomerReturn","VSF-AWD4Wx2-EU","X0023LHG9P","B0CN32T8J9","VIVOSUN AeroWave D4 10cm Grow Ventilator Clip Ventilator Grow mit Haken, 3 Stufen, Starker & Leiser Luftstrom,Luftstromwinkel Einstellbar für Hydrokultur, Zirkulation, Weiß, 2er-Pack","NewItem","EUR","21.08","21.08","1","0","1",,
"2026-04-12T23:23:43+00:00","8174984902",,"203-7218030-5317967","CustomerReturn","VS-THB1-UK","X0022PR5X9","B0BXP47DZP","VIVOSUN AeroLab THB1 Wireless Bluetooth Hygrometer Thermometer Indoor, Smart Temperature Monitor, VPD, Digital Humidity Meter, LCD Remote Control & Alert, Data Storage, Dual Channels, Battery Included","NewItem","GBP","5.72","5.72","1","0","1",,
"2026-04-11T23:59:53+00:00","8171333222",,"403-4916630-6297161","CustomerReturn","306143-0412-EU","X001VZSIFF","B01DXYMBU6","VIVOSUN Filtre à Charbon Actif 100mm Filtre à Charbon avec Préfiltre et Bride Réversible Filtre Charbon Purificateur d‘Air pour Ventilateur en Ligne et Tentes de Culture","NewItem","EUR","34.76","34.76","1","0","1",,
"2026-04-11T01:53:05+00:00","8167124462",,,"Lost_Warehouse","311003-5-EU","X001W1HJ2B","B06Y1XVD1P","VIVOSUN Confezione 1 Forbici da Giardinaggio 17cm Forbici da Pianta con Manici Ergonomici Forbici da Potatura con Lame Dritte e Rivestimento Antiaderente Titanio Forbici da Rose Blu","NewItem","EUR","2.37","2.37","1","0","1",,
"2026-04-11T01:36:43+00:00","8167576422",,"302-0996610-2773941","CustomerReturn","306201PVC-6-EU","X001YYT375","B07SG989NY","VIVOSUN Lüftungsset 150mm Rohrventilator 663m³/h Abluftventilator mit Drehzahlregler 150mm Aktivkohlefilter 240cm Luftkanal Temperatur-Luftfeuchtigkeitsmesser für Growzelte und Hydroponik","NewItem","EUR","68.74","68.74","1","0","1",,
"2026-04-10T09:05:29+00:00","8164886622",,"303-6014243-0835535","CustomerReturn","306143-0616-EU","X001VZO4UN","B01731MLFK","VIVOSUN Aktivkohlefilter Grow Aktivkohlefilter 150mm/6 Inch Geruchskontrolle mit Australischer Aktivkohle inkl. Vorfilter für Indoor Growzelt Growbox Rohrventilator Gewächshaus","NewItem","EUR","36.37","36.37","1","0","1",,
"2026-04-10T07:53:30+00:00","8164309032",,"403-1583549-5697116","CustomerReturn","304113-42-EU","X001VHE5Z5","B01DXYMQ9M","VIVOSUN Armario de Cultivo Interior 120x60x150cm, Indoor Hydroponic Zelt Opaco con Ventana Reflectante Mylar Bandeja Base Estructura Estable Cultivo Interior Invernadero Plantas","NewItem","EUR","72.64","72.64","1","0","1",,
"2026-04-09T16:22:43+00:00","8162665882",,"303-0384637-0272311","CustomerReturn","VSF-AWD4Wx2-EU","X0023LHG9P","B0CN32T8J9","VIVOSUN AeroWave D4 10cm Grow Ventilator Clip Ventilator Grow mit Haken, 3 Stufen, Starker & Leiser Luftstrom,Luftstromwinkel Einstellbar für Hydrokultur, Zirkulation, Weiß, 2er-Pack","NewItem","EUR","21.08","21.08","1","0","1",,
"2026-04-07T23:11:37+00:00","8154838682",,,"Damaged_Warehouse","TN-44-EU","X0022GVOSP","B0BY2JKXC7","VIVOSUN Ranknetz für Kletterpflanzen 120x120 cm Elastisches Pflanzennetz, Scrog Netz mit 4 Haken, Grow Netz für Kletterpflanzen, Tomaten, Gurken, Gemüse und Blumen","NewItem","EUR","4.08","4.08","1","0","1",,
"2026-04-07T13:44:53+00:00","8153543822",,"302-2714440-6277122","CustomerReturn","VS-THB1-EU","X0020HG1XJ","B0BXP47DZP","VIVOSUN AeroLab THB1 Drahtloser Bluetooth Hygrometer Thermometer, Smarter Temperaturmonitor, VPD, Digitaler Feuchtigkeitsmesser, LCD-Fernsteuerung, Datenspeicherung, Dual-Kanäle, Batterie Inklusive","NewItem","EUR","11.81","11.81","1","0","1",,
"2026-04-07T07:01:57+00:00","8151715142",,"303-5490566-6409920","CustomerReturn","VG-Y18B-EU","X0022OM6TX","B0CL9VRP1C","VGrow All-in-One Smart Grow Box, Professionelles System mit Samsung LM301H EVO Grow Lampe, Fortschrittliches Zirkulations- und Ventilationssystem, Bewässerung, Nährstoffzufuhr für Indoor-Hydroponik","NewItem","EUR","456.68","456.68","1","0","1",,
"2026-04-05T18:04:48+00:00","8146278442",,,"Damaged_Warehouse","332022-2-UK","X0022UFDJ7","B07VK1LVN6","VIVOSUN 2-Pack 30X 60X Illuminated Jewelers Loupe Foldable Magnifier with LED Light for Jewelry Gems Watches Coins Stamps Antiques Black","NewItem","GBP","3.73","3.73","1","0","1",,
"2026-04-03T15:08:16+00:00","8138502692",,,"Reimbursement_Reversal","VSE-ASH05-EU","X0026MTWX9","B0DHGP2JQ8","VIVOSUN Pflanzen Luftbefeuchter 5L Smart Humidifier Pflanzen, AeroStream H05 24dB Leise 360°Cool Mist 50H Dauerhaft Top-Fill Ultraschall Entwickelt für Growzelte Growbox","NewItem","EUR","-55.22","-55.22","-1","1","0","8046441982","CustomerReturn"
"2026-04-02T23:20:19+00:00","8135586012",,"404-9713471-3137139","CustomerReturn","VSE-ASH09-EU","X0026MRBNR","B0DJV658NX","VIVOSUN Humidificador para Plantas 9L Smart, AeroStream H09 con Niebla Fría 360°, 60H de Uso, Rellenado Superior, Ultrasonidos, Control Inteligente, para Armario de Cultivo","NewItem","EUR","72.58","72.58","1","0","1",,
"2026-04-02T21:49:43+00:00","8135737172",,"028-2513677-3960334","CustomerReturn","VSVC-AZG6E42AP-EU","X002CUF3G5","B0CBRPS1N8","VIVOSUN Smart Rohrventilator 150mm AeroZesh G6 Abluftset 660m³/h mit GrowHub E42A+, Temperatur- und Feuchtigkeitsregler, WiFi/App-Fernsteuerung, Aktivkohlefilter und Schlauch für Growzelt Hydroponik","NewItem","EUR","131.29","131.29","1","0","1",,
"2026-04-02T16:00:26+00:00","8134664822",,"304-4797344-2030745","CustomerReturn","VSF-AWD4Wx2-EU","X0023LHG9P","B0CN32T8J9","VIVOSUN AeroWave D4 10cm Grow Ventilator Clip Ventilator Grow mit Haken, 3 Stufen, Starker & Leiser Luftstrom,Luftstromwinkel Einstellbar für Hydrokultur, Zirkulation, Weiß, 2er-Pack","NewItem","EUR","21.08","21.08","1","0","1",,
"2026-04-02T13:23:50+00:00","8134799502",,"306-0155238-5177171","CustomerReturn","VSV-AZS4-EU","X001YZMP8D","B0C2C8KBBW","VIVOSUN Rohrventilator 100 mm Abluftventilator 353 m³/h Rohrlüfter mit E12-Geschwindigkeitsregler und EC-Motor 28dB Leiser Ventilator für Growzelte und Belüftungssysteme","NewItem","EUR","35.61","35.61","1","0","1",,
"2026-04-01T23:06:58+00:00","8131520122",,"302-8458805-5649104","CustomerReturn","VSF-AWD4x2-EU","X0023L9G3T","B0CMZFSLCL","VIVOSUN AeroWave D4 10cm Grow Ventilator Clip Ventilator Grow mit Haken, 3 Stufen, Starker & Leiser Luftstrom, Luftstromwinkel Einstellbar für Hydrokultur, Zirkulation, Schwarz, 2er-Pack","NewItem","EUR","26.61","26.61","1","0","1",,
"2026-04-01T05:33:37+00:00","8127903282",,"028-6924498-6077961","CustomerReturn","VSF-AWD4x2-EU","X0023L9G3T","B0CMZFSLCL","VIVOSUN AeroWave D4 10cm Grow Ventilator Clip Ventilator Grow mit Haken, 3 Stufen, Starker & Leiser Luftstrom, Luftstromwinkel Einstellbar für Hydrokultur, Zirkulation, Schwarz, 2er-Pack","NewItem","EUR","24.54","24.54","1","0","1",,
"2026-04-01T05:19:02+00:00","8128280322",,,"Lost_Warehouse","VSV-AZS6E42A-EU","X00220HP1B","B09YGSSMW8","VIVOSUN Ventilatore da Condotto 150mm Estrazione 688m³/h Motore EC GrowHub E42A Controller WiFi AeroZesh S6 Ventilatore Growbox per Tende Coltivazione e Sistemi Idroponici","NewItem","EUR","39.31","39.31","1","0","1",,
